<?xml version="1.0" encoding="UTF-8"?>
<OR-Mappings>
	<jdbc>
		<property>
			<name>driver</name>
			<value>com.mysql.jdbc.Driver</value>
		</property>
		<property>
			<name>url</name>
			<value>jdbc:mysql://localhost:3306/user</value>
		</property>
		<property>
			<name>userName</name>
			<value>root</value>
		</property>
		<property>
			<name>password</name>
			<value>null</value>
		</property>
	</jdbc>
	<class name="water.ustc.bean.UserBean" table="useraccount">
		<property>
			<name>id</name>
			<column>id</column>
			<type>String</type>
			<lazy>false</lazy>
		</property>
		<property>
			<name>userName</name>
			<column>name</column>
			<type>String</type>
			<lazy>false</lazy>
		</property>
		<property>
			<name>userPass</name>
			<column>password</column>
			<type>String</type>
			<lazy>false</lazy>
		</property>
		<property>
			<name>imfor</name>
			<column>imfor</column>
			<type>water.ustc.bean.Imformation</type>
			<lazy>true</lazy>
		</property>
	</class>
</OR-Mappings>